Model,Source Page,Target Page,Suggested Anchor Text,Reason
MiniLM,https://www.semrush.com/contentshake/content-marketing-blog/ai-seo-tools#1_content_shake_ai_nbsp,https://www.semrush.com/contentshake/content-marketing-blog/ai-seo-tools#2_semrush_copilot,Semrush Copilot,Same Topic Cluster
MiniLM,https://www.semrush.com/contentshake/content-marketing-blog/ai-seo-tools#1_content_shake_ai_nbsp,https://www.semrush.com/contentshake/content-marketing-blog/ai-seo-tools#3_clearscope,Clearscope,Same Topic Cluster
MiniLM,https://www.semrush.com/contentshake/content-marketing-blog/ai-seo-tools#1_content_shake_ai_nbsp,https://www.semrush.com/contentshake/content-marketing-blog/ai-seo-tools#4_surfer_seo_nbsp_nbsp,SurferSEO,Same Topic Cluster
MiniLM,https://www.semrush.com/contentshake/content-marketing-blog/ai-seo-tools#1_content_shake_ai_nbsp,https://www.semrush.com/contentshake/content-marketing-blog/ai-seo-tools#5_chat_gpt_best_for_brainstorming_tasks_and_analysis_nbsp,ChatGPT,Same Topic Cluster
MiniLM,https://www.semrush.com/contentshake/content-marketing-blog/ai-seo-tools#1_content_shake_ai_nbsp,https://www.semrush.com/contentshake/content-marketing-blog/ai-seo-tools#6_copy_ai,Copy.ai,Same Topic Cluster
MiniLM,https://www.semrush.com/contentshake/content-marketing-blog/ai-seo-tools#1_content_shake_ai_nbsp,https://www.semrush.com/contentshake/content-marketing-blog/ai-seo-tools#7_serp_gap_analyzer_nbsp_nbsp,SERP Gap Analyzer,Same Topic Cluster
MiniLM,https://www.semrush.com/contentshake/content-marketing-blog/ai-seo-tools#1_content_shake_ai_nbsp,https://www.semrush.com/contentshake/content-marketing-blog/ai-seo-tools#8_perplexity,Perplexity,Same Topic Cluster
MiniLM,https://www.semrush.com/contentshake/content-marketing-blog/ai-seo-tools#2_semrush_copilot,https://www.semrush.com/contentshake/content-marketing-blog/ai-seo-tools#3_clearscope,Clearscope,Same Topic Cluster
MiniLM,https://www.semrush.com/contentshake/content-marketing-blog/ai-seo-tools#2_semrush_copilot,https://www.semrush.com/contentshake/content-marketing-blog/ai-seo-tools#4_surfer_seo_nbsp_nbsp,SurferSEO,Same Topic Cluster
MiniLM,https://www.semrush.com/contentshake/content-marketing-blog/ai-seo-tools#2_semrush_copilot,https://www.semrush.com/contentshake/content-marketing-blog/ai-seo-tools#5_chat_gpt_best_for_brainstorming_tasks_and_analysis_nbsp,ChatGPT,Same Topic Cluster
MiniLM,https://www.semrush.com/contentshake/content-marketing-blog/ai-seo-tools#2_semrush_copilot,https://www.semrush.com/contentshake/content-marketing-blog/ai-seo-tools#6_copy_ai,Copy.ai,Same Topic Cluster
MiniLM,https://www.semrush.com/contentshake/content-marketing-blog/ai-seo-tools#2_semrush_copilot,https://www.semrush.com/contentshake/content-marketing-blog/ai-seo-tools#7_serp_gap_analyzer_nbsp_nbsp,SERP Gap Analyzer,Same Topic Cluster
MiniLM,https://www.semrush.com/contentshake/content-marketing-blog/ai-seo-tools#2_semrush_copilot,https://www.semrush.com/contentshake/content-marketing-blog/ai-seo-tools#8_perplexity,Perplexity,Same Topic Cluster
MiniLM,https://www.semrush.com/contentshake/content-marketing-blog/ai-seo-tools#3_clearscope,https://www.semrush.com/contentshake/content-marketing-blog/ai-seo-tools#4_surfer_seo_nbsp_nbsp,SurferSEO,Same Topic Cluster
MiniLM,https://www.semrush.com/contentshake/content-marketing-blog/ai-seo-tools#3_clearscope,https://www.semrush.com/contentshake/content-marketing-blog/ai-seo-tools#5_chat_gpt_best_for_brainstorming_tasks_and_analysis_nbsp,ChatGPT,Same Topic Cluster
MiniLM,https://www.semrush.com/contentshake/content-marketing-blog/ai-seo-tools#3_clearscope,https://www.semrush.com/contentshake/content-marketing-blog/ai-seo-tools#6_copy_ai,Copy.ai,Same Topic Cluster
MiniLM,https://www.semrush.com/contentshake/content-marketing-blog/ai-seo-tools#3_clearscope,https://www.semrush.com/contentshake/content-marketing-blog/ai-seo-tools#7_serp_gap_analyzer_nbsp_nbsp,SERP Gap Analyzer,Same Topic Cluster
MiniLM,https://www.semrush.com/contentshake/content-marketing-blog/ai-seo-tools#3_clearscope,https://www.semrush.com/contentshake/content-marketing-blog/ai-seo-tools#8_perplexity,Perplexity,Same Topic Cluster
MiniLM,https://www.semrush.com/contentshake/content-marketing-blog/ai-seo-tools#4_surfer_seo_nbsp_nbsp,https://www.semrush.com/contentshake/content-marketing-blog/ai-seo-tools#5_chat_gpt_best_for_brainstorming_tasks_and_analysis_nbsp,ChatGPT,Same Topic Cluster
MiniLM,https://www.semrush.com/contentshake/content-marketing-blog/ai-seo-tools#4_surfer_seo_nbsp_nbsp,https://www.semrush.com/contentshake/content-marketing-blog/ai-seo-tools#6_copy_ai,Copy.ai,Same Topic Cluster
MiniLM,https://www.semrush.com/contentshake/content-marketing-blog/ai-seo-tools#4_surfer_seo_nbsp_nbsp,https://www.semrush.com/contentshake/content-marketing-blog/ai-seo-tools#7_serp_gap_analyzer_nbsp_nbsp,SERP Gap Analyzer,Same Topic Cluster
MiniLM,https://www.semrush.com/contentshake/content-marketing-blog/ai-seo-tools#4_surfer_seo_nbsp_nbsp,https://www.semrush.com/contentshake/content-marketing-blog/ai-seo-tools#8_perplexity,Perplexity,Same Topic Cluster
MiniLM,https://www.semrush.com/contentshake/content-marketing-blog/ai-seo-tools#5_chat_gpt_best_for_brainstorming_tasks_and_analysis_nbsp,https://www.semrush.com/contentshake/content-marketing-blog/ai-seo-tools#6_copy_ai,Copy.ai,Same Topic Cluster
MiniLM,https://www.semrush.com/contentshake/content-marketing-blog/ai-seo-tools#5_chat_gpt_best_for_brainstorming_tasks_and_analysis_nbsp,https://www.semrush.com/contentshake/content-marketing-blog/ai-seo-tools#7_serp_gap_analyzer_nbsp_nbsp,SERP Gap Analyzer,Same Topic Cluster
MiniLM,https://www.semrush.com/contentshake/content-marketing-blog/ai-seo-tools#5_chat_gpt_best_for_brainstorming_tasks_and_analysis_nbsp,https://www.semrush.com/contentshake/content-marketing-blog/ai-seo-tools#8_perplexity,Perplexity,Same Topic Cluster
MiniLM,https://www.semrush.com/contentshake/content-marketing-blog/ai-seo-tools#6_copy_ai,https://www.semrush.com/contentshake/content-marketing-blog/ai-seo-tools#7_serp_gap_analyzer_nbsp_nbsp,SERP Gap Analyzer,Same Topic Cluster
MiniLM,https://www.semrush.com/contentshake/content-marketing-blog/ai-seo-tools#6_copy_ai,https://www.semrush.com/contentshake/content-marketing-blog/ai-seo-tools#8_perplexity,Perplexity,Same Topic Cluster
MiniLM,https://www.semrush.com/contentshake/content-marketing-blog/ai-seo-tools#7_serp_gap_analyzer_nbsp_nbsp,https://www.semrush.com/contentshake/content-marketing-blog/ai-seo-tools#8_perplexity,Perplexity,Same Topic Cluster
MiniLM,https://www.semrush.com/contentshake/ai-article-writer/,https://www.semrush.com/contentshake/ai-article-writer/,SEO Article GeneratorNew,Same Topic Cluster
MiniLM,https://www.semrush.com/contentshake/ai-article-writer/,https://www.semrush.com/contentshake/ai-article-writer/,Cookie Settings,Same Topic Cluster
MiniLM,https://www.semrush.com/contentshake/ai-article-writer/,https://www.semrush.com/contentshake/ai-article-writer/,Do not sell my personal info,Same Topic Cluster
MiniLM,https://www.semrush.com/contentshake/ai-article-writer/,https://www.semrush.com/contentshake/ai-article-writer/,Cookie Settings,Same Topic Cluster
MiniLM,https://www.semrush.com/contentshake/ai-article-writer/,https://www.semrush.com/contentshake/ai-article-writer/,Do not sell my personal info,Same Topic Cluster
MiniLM,https://www.semrush.com/contentshake/ai-article-writer/,https://www.semrush.com/contentshake/ai-article-writer/,Do not sell my personal info,Same Topic Cluster
